Query,RunningTime (HiveQL)
1,0.983308411
2,0.776820288
3,0.733440841
4,0.630719709
5,0.616172635
