Query,RunningTime (SparkSQL)
1,0.833308411
2,0.666820288
3,0.633308411
4,0.580719709
5,0.526872635
