Iteration,RunningTime
1,5.243423966
2,1.383644576
3,1.266616822
4,1.2531436418
5,1.116143941
