Iteration,RunningTime
1,2.621721983
2,0.666820288
3,0.633308411
4,0.580719709
5,0.526872635
